{
    "countries": [
        {
            "name": "unknown",
            "flag": "\u2753",
            "alpha2": null,
            "alpha3": "XYZ",
            "code": null,
            "region": ""
        },
        {
            "name": "international",
            "flag": "\uD83C\uDF10",
            "alpha2": null,
            "alpha3": "INT",
            "code": null,
            "region": ""
        },
        {
            "name": "afghanistan",
            "flag": "\uD83C\uDDE6\uD83C\uDDEB",
            "alpha2": "AF",
            "alpha3": "AFG",
            "code": "93",
            "region": "asia"
        },
        {
            "name": "aland",
            "flag": "\uD83C\uDDE6\uD83C\uDDFD",
            "alpha2": "AX",
            "alpha3": "ALA",
            "code": "358",
            "region": "europe"
        },
        {
            "name": "albania",
            "flag": "\uD83C\uDDE6\uD83C\uDDF1",
            "alpha2": "AL",
            "alpha3": "ALB",
            "code": "355",
            "region": "europe"
        },
        {
            "name": "algeria",
            "flag": "\uD83C\uDDE9\uD83C\uDDFF",
            "alpha2": "DZ",
            "alpha3": "DZA",
            "code": "213",
            "region": "africa"
        },
        {
            "name": "american-samoa",
            "flag": "\uD83C\uDDE6\uD83C\uDDF8",
            "alpha2": "AS",
            "alpha3": "ASM",
            "code": "1-684",
            "region": "oceania"
        },
        {
            "name": "andorra",
            "flag": "\uD83C\uDDE6\uD83C\uDDE9",
            "alpha2": "AD",
            "alpha3": "AND",
            "code": "376",
            "region": "europe"
        },
        {
            "name": "angola",
            "flag": "\uD83C\uDDE6\uD83C\uDDF4",
            "alpha2": "AO",
            "alpha3": "AGO",
            "code": "244",
            "region": "africa"
        },
        {
            "name": "anguilla",
            "flag": "\uD83C\uDDE6\uD83C\uDDEE",
            "alpha2": "AI",
            "alpha3": "AIA",
            "code": "1-264",
            "region": "north-america"
        },
        {
            "name": "antarctica",
            "flag": "\uD83C\uDDE6\uD83C\uDDF6",
            "alpha2": "AQ",
            "alpha3": "ATA",
            "code": "672",
            "region": "antarctica"
        },
        {
            "name": "antigua-and-barbuda",
            "flag": "\uD83C\uDDE6\uD83C\uDDEC",
            "alpha2": "AG",
            "alpha3": "ATG",
            "code": "1-268",
            "region": "north-america"
        },
        {
            "name": "argentina",
            "flag": "\uD83C\uDDE6\uD83C\uDDF7",
            "alpha2": "AR",
            "alpha3": "ARG",
            "code": "54",
            "region": "south-america"
        },
        {
            "name": "armenia",
            "flag": "\uD83C\uDDE6\uD83C\uDDF2",
            "alpha2": "AM",
            "alpha3": "ARM",
            "code": "374",
            "region": "asia"
        },
        {
            "name": "aruba",
            "flag": "\uD83C\uDDE6\uD83C\uDDFC",
            "alpha2": "AW",
            "alpha3": "ABW",
            "code": "297",
            "region": "north-america"
        },
        {
            "name": "ascension-island",
            "flag": "\uD83C\uDDE6\uD83C\uDDFA",
            "alpha2": "SH",
            "alpha3": "SHN",
            "code": "247",
            "region": "africa"
        },
        {
            "name": "australia",
            "flag": "\uD83C\uDDE6\uD83C\uDDFA",
            "alpha2": "AU",
            "alpha3": "AUS",
            "code": "61",
            "region": "oceania"
        },
        {
            "name": "austria",
            "flag": "\uD83C\uDDE6\uD83C\uDDF9",
            "alpha2": "AT",
            "alpha3": "AUT",
            "code": "43",
            "region": "europe"
        },
        {
            "name": "azerbaijan",
            "flag": "\uD83C\uDDE6\uD83C\uDDFF",
            "alpha2": "AZ",
            "alpha3": "AZE",
            "code": "994",
            "region": "asia"
        },
        {
            "name": "bahamas",
            "flag": "\uD83C\uDDE7\uD83C\uDDF8",
            "alpha2": "BS",
            "alpha3": "BHS",
            "code": "1-242",
            "region": "north-america"
        },
        {
            "name": "bahrain",
            "flag": "\uD83C\uDDE7\uD83C\uDDED",
            "alpha2": "BH",
            "alpha3": "BHR",
            "code": "973",
            "region": "asia"
        },
        {
            "name": "bangladesh",
            "flag": "\uD83C\uDDE7\uD83C\uDDE9",
            "alpha2": "BD",
            "alpha3": "BGD",
            "code": "880",
            "region": "asia"
        },
        {
            "name": "barbados",
            "flag": "\uD83C\uDDE7\uD83C\uDDE7",
            "alpha2": "BB",
            "alpha3": "BRB",
            "code": "1-24,6",
            "region": "north-america"
        },
        {
            "name": "belarus",
            "flag": "\uD83C\uDDE7\uD83C\uDDFE",
            "alpha2": "BY",
            "alpha3": "BLR",
            "code": "375",
            "region": "europe"
        },
        {
            "name": "belgium",
            "flag": "\uD83C\uDDE7\uD83C\uDDEA",
            "alpha2": "BE",
            "alpha3": "BEL",
            "code": "32",
            "region": "europe"
        },
        {
            "name": "belize",
            "flag": "\uD83C\uDDE7\uD83C\uDDFF",
            "alpha2": "BZ",
            "alpha3": "BLZ",
            "code": "501",
            "region": "north-america"
        },
        {
            "name": "benin",
            "flag": "\uD83C\uDDE7\uD83C\uDDEF",
            "alpha2": "BJ",
            "alpha3": "BEN",
            "code": "229",
            "region": "africa"
        },
        {
            "name": "bermuda",
            "flag": "\uD83C\uDDE7\uD83C\uDDF2",
            "alpha2": "BM",
            "alpha3": "BMU",
            "code": "1-44,1",
            "region": "north-america"
        },
        {
            "name": "bhutan",
            "flag": "\uD83C\uDDE7\uD83C\uDDF9",
            "alpha2": "BT",
            "alpha3": "BTN",
            "code": "975",
            "region": "asia"
        },
        {
            "name": "bolivia",
            "flag": "\uD83C\uDDE7\uD83C\uDDF4",
            "alpha2": "BO",
            "alpha3": "BOL",
            "code": "591",
            "region": "south-america"
        },
        {
            "name": "bosnia-and-herzegovina",
            "flag": "\uD83C\uDDE7\uD83C\uDDE6",
            "alpha2": "BA",
            "alpha3": "BIH",
            "code": "387",
            "region": "europe"
        },
        {
            "name": "botswana",
            "flag": "\uD83C\uDDE7\uD83C\uDDFC",
            "alpha2": "BW",
            "alpha3": "BWA",
            "code": "267",
            "region": "africa"
        },
        {
            "name": "bouvet Island",
            "flag": "\uD83C\uDDE7\uD83C\uDDFB",
            "alpha2": "BV",
            "alpha3": "BVT",
            "code": "55",
            "region": "europe"
        },
        {
            "name": "brazil",
            "flag": "\uD83C\uDDE7\uD83C\uDDF7",
            "alpha2": "BR",
            "alpha3": "BRA",
            "code": "55",
            "region": "south-america"
        },
        {
            "name": "british-indian-ocean-territory",
            "flag": "\uD83C\uDDEE\uD83C\uDDF4",
            "alpha2": "IO",
            "alpha3": "IOT",
            "code": "246",
            "region": "asia"
        },
        {
            "name": "brunei-darussalam",
            "flag": "\uD83C\uDDE7\uD83C\uDDF3",
            "alpha2": "BN",
            "alpha3": "BRN",
            "code": "673",
            "region": "asia"
        },
        {
            "name": "bulgaria",
            "flag": "\uD83C\uDDE7\uD83C\uDDEC",
            "alpha2": "BG",
            "alpha3": "BGR",
            "code": "359",
            "region": "europe"
        },
        {
            "name": "burkina-faso",
            "flag": "\uD83C\uDDE7\uD83C\uDDEB",
            "alpha2": "BF",
            "alpha3": "BFA",
            "code": "226",
            "region": "africa"
        },
        {
            "name": "burundi",
            "flag": "\uD83C\uDDE7\uD83C\uDDEE",
            "alpha2": "BI",
            "alpha3": "BDI",
            "code": "257",
            "region": "africa"
        },
        {
            "name": "cambodia",
            "flag": "\uD83C\uDDF0\uD83C\uDDED",
            "alpha2": "KH",
            "alpha3": "KHM",
            "code": "855",
            "region": "asia"
        },
        {
            "name": "cameroon",
            "flag": "\uD83C\uDDE8\uD83C\uDDF2",
            "alpha2": "CM",
            "alpha3": "CMR",
            "code": "237",
            "region": "africa"
        },
        {
            "name": "canada",
            "flag": "\uD83C\uDDE8\uD83C\uDDE6",
            "alpha2": "CA",
            "alpha3": "CAN",
            "code": "1",
            "region": "north-america"
        },
        {
            "name": "canary-islands",
            "flag": "\uD83C\uDDE8\uD83C\uDDFB",
            "alpha2": "ES-CN",
            "alpha3": null,
            "code": ["34-922", "34-822","34-928","34-828"],
            "region": "europe"        
        },
        {
            "name": "cape-verde",
            "flag": "\uD83C\uDDE8\uD83C\uDDFB",
            "alpha2": "CV",
            "alpha3": "CPV",
            "code": "238",
            "region": "africa"
        },
        {
            "name": "caribbean-netherlands",
            "flag": "\uD83C\uDDE7\uD83C\uDDF6",
            "alpha2": "BQ-BO",
            "alpha3": ["BQ1","BQ2", "BQ3"],
            "code": "238",
            "region": "north-america"
        },
        {
            "name": "cayman-islands",
            "flag": "\uD83C\uDDF0\uD83C\uDDFE",
            "alpha2": "KY",
            "alpha3": "CYM",
            "code": "1-34,5",
            "region": "north-america"
        },
        {
            "name": "central-african-republic",
            "flag": "\uD83C\uDDE8\uD83C\uDDEB",
            "alpha2": "CF",
            "alpha3": "CAF",
            "code": "236",
            "region": "africa"
        },
        {
            "name": "chad",
            "flag": "\uD83C\uDDF9\uD83C\uDDE9",
            "alpha2": "TD",
            "alpha3": "TCD",
            "code": "235",
            "region": "africa"
        },
        {
            "name": "chile",
            "flag": "\uD83C\uDDE8\uD83C\uDDF1",
            "alpha2": "CL",
            "alpha3": "CHL",
            "code": "56",
            "region": "south-america"
        },
        {
            "name": "people's-republic-of-china",
            "flag": "\uD83C\uDDE8\uD83C\uDDF3",
            "alpha2": "CN",
            "alpha3": "CHN",
            "code": "86",
            "region": "asia"
        },
        {
            "name": "christmas-island",
            "flag": "\uD83C\uDDE8\uD83C\uDDFD",
            "alpha2": "CX",
            "alpha3": "CXR",
            "code": "61",
            "region": "asia"
        },
        {
            "name": "cocos-keeling-islands",
            "flag": "\uD83C\uDDE8\uD83C\uDDE8",
            "alpha2": "CC",
            "alpha3": "CCK",
            "code": "61",
            "region": "oceania"
        },
        {
            "name": "colombia",
            "flag": "\uD83C\uDDE8\uD83C\uDDF4",
            "alpha2": "CO",
            "alpha3": "COL",
            "code": "57",
            "region": "south-america"
        },
        {
            "name": "comoros",
            "flag": "\uD83C\uDDF0\uD83C\uDDF2",
            "alpha2": "KM",
            "alpha3": "COM",
            "code": "269",
            "region": "africa"
        },
        {
            "name": "congo",
            "flag": "\uD83C\uDDE8\uD83C\uDDEC",
            "alpha2": "CG",
            "alpha3": "COG",
            "code": "242",
            "region": "africa"
        },
        {
            "name": "democratic-republic-of-the-congo",
            "flag": "\uD83C\uDDE8\uD83C\uDDE9",
            "alpha2": "CD",
            "alpha3": "COD",
            "code": "243",
            "region": "africa"
        },
        {
            "name": "cook-islands",
            "flag": "\uD83C\uDDE8\uD83C\uDDF0",
            "alpha2": "CK",
            "alpha3": "COK",
            "code": "682",
            "region": "oceania"
        },
        {
            "name": "costa-rica",
            "flag": "\uD83C\uDDE8\uD83C\uDDF7",
            "alpha2": "CR",
            "alpha3": "CRI",
            "code": "506",
            "region": "north-america"
        },
        {
            "name": "croatia",
            "flag": "\uD83C\uDDED\uD83C\uDDF7",
            "alpha2": "HR",
            "alpha3": "HRV",
            "code": "385",
            "region": "europe"
        },
        {
            "name": "cuba",
            "flag": "\uD83C\uDDE8\uD83C\uDDFA",
            "alpha2": "CU",
            "alpha3": "CUB",
            "code": "53",
            "region": "north-america"
        },
        {
            "name": "curaçao",
            "flag": "\uD83C\uDDE8\uD83C\uDDFC",
            "alpha2": "CW",
            "alpha3": "CUW",
            "code": "599",
            "region": "north-america"
        },
        {
            "name": "cyprus",
            "flag": "\uD83C\uDDE8\uD83C\uDDFE",
            "alpha2": "CY",
            "alpha3": "CYP",
            "code": "357",
            "region": "europe"
        },
        {
            "name": "czech-republic",
            "flag": "\uD83C\uDDE8\uD83C\uDDFF",
            "alpha2": "CZ",
            "alpha3": "CZE",
            "code": "420",
            "region": "europe"
        },
        {
            "name": "denmark",
            "flag": "\uD83C\uDDE9\uD83C\uDDF0",
            "alpha2": "DK",
            "alpha3": "DNK",
            "code": "45",
            "region": "europe"
        },
        {
            "name": "djibouti",
            "flag": "\uD83C\uDDE9\uD83C\uDDEF",
            "alpha2": "DJ",
            "alpha3": "DJI",
            "code": "253",
            "region": "africa"
        },
        {
            "name": "dominica",
            "flag": "\uD83C\uDDE9\uD83C\uDDF2",
            "alpha2": "DM",
            "alpha3": "DMA",
            "code": "1-767",
            "region": "north-america"
        },
        {
            "name": "dominican-republic",
            "flag": "\uD83C\uDDE9\uD83C\uDDF4",
            "alpha2": "DO",
            "alpha3": "DOM",
            "code": ["1-8,09", "1-829", "1-849"],
            "region": "north-america"
        },
        {
            "name": "ecuador",
            "flag": "\uD83C\uDDEA\uD83C\uDDE8",
            "alpha2": "EC",
            "alpha3": "ECU",
            "code": "593",
            "region": "south-america"
        },
        {
            "name": "egypt",
            "flag": "\uD83C\uDDEA\uD83C\uDDEC",
            "alpha2": "EG",
            "alpha3": "EGY",
            "code": "20",
            "region": "africa"
        },
        {
            "name": "el-salvador",
            "flag": "\uD83C\uDDF8\uD83C\uDDFB",
            "alpha2": "SV",
            "alpha3": "SLV",
            "code": "503",
            "region": "north-america"
        },
        {
            "name": "england",
            "flag": "\uD83C\uDFF4\uDB40\uDC67\uDB40\uDC62\uDB40\uDC65\uDB40\uDC6E\uDB40\uDC67\uDB40\uDC7F",
            "alpha2": "GB-ENG",
            "alpha3": "GBR",
            "code": "44",
            "region": "europe"
        },
        {
            "name": "equatorial-guinea",
            "flag": "\uD83C\uDDEC\uD83C\uDDF6",
            "alpha2": "GQ",
            "alpha3": "GNQ",
            "code": "240",
            "region": "africa"
        },
        {
            "name": "eritrea",
            "flag": "\uD83C\uDDEA\uD83C\uDDF7",
            "alpha2": "ER",
            "alpha3": "ERI",
            "code": "291",
            "region": "africa"
        },
        {
            "name": "estonia",
            "flag": "\uD83C\uDDEA\uD83C\uDDEA",
            "alpha2": "EE",
            "alpha3": "EST",
            "code": "372",
            "region": "europe"
        },
        {
            "name": "ethiopia",
            "flag": "\uD83C\uDDEA\uD83C\uDDF9",
            "alpha2": "ET",
            "alpha3": "ETH",
            "code": "251",
            "region": "africa"
        },
        {
            "name": "falkland-islands-malvinas",
            "flag": "\uD83C\uDDEB\uD83C\uDDF0",
            "alpha2": "FK",
            "alpha3": "FLK",
            "code": "500",
            "region": "south-america"
        },
        {
            "name": "faroe-islands",
            "flag": "\uD83C\uDDEB\uD83C\uDDF4",
            "alpha2": "FO",
            "alpha3": "FRO",
            "code": "298",
            "region": "europe"
        },
        {
            "name": "fiji",
            "flag": "\uD83C\uDDEB\uD83C\uDDEF",
            "alpha2": "FJ",
            "alpha3": "FJI",
            "code": "679",
            "region": "oceania"
        },
        {
            "name": "finland",
            "flag": "\uD83C\uDDEB\uD83C\uDDEE",
            "alpha2": "FI",
            "alpha3": "FIN",
            "code": "358",
            "region": "europe"
        },
        {
            "name": "france",
            "flag": "\uD83C\uDDEB\uD83C\uDDF7",
            "alpha2": "FR",
            "alpha3": "FRA",
            "code": "33",
            "region": "europe"
        },
        {
            "name": "french-guiana",
            "flag": "\uD83C\uDDEC\uD83C\uDDEB",
            "alpha2": "GF",
            "alpha3": "GUF",
            "code": "594",
            "region": "south-america"
        },
        {
            "name": "french-polynesia",
            "flag": "\uD83C\uDDF5\uD83C\uDDEB",
            "alpha2": "PF",
            "alpha3": "PYF",
            "code": "689",
            "region": "oceania"
        },
        {
            "name": "french-southern-territories",
            "flag": "\uD83C\uDDF9\uD83C\uDDEB",
            "alpha2": "TF",
            "alpha3": "ATF",
            "code": "262",
            "region": "africa"
        },
        {
            "name": "gabon",
            "flag": "\uD83C\uDDEC\uD83C\uDDE6",
            "alpha2": "GA",
            "alpha3": "GAB",
            "code": "241",
            "region": "africa"
        },
        {
            "name": "gambia",
            "flag": "\uD83C\uDDEC\uD83C\uDDF2",
            "alpha2": "GM",
            "alpha3": "GMB",
            "code": "220",
            "region": "africa"
        },
        {
            "name": "georgia",
            "flag": "\uD83C\uDDEC\uD83C\uDDEA",
            "alpha2": "GE",
            "alpha3": "GEO",
            "code": "995",
            "region": "asia"
        },
        {
            "name": "germany",
            "flag": "\uD83C\uDDE9\uD83C\uDDEA",
            "alpha2": "DE",
            "alpha3": "DEU",
            "code": "49",
            "region": "europe"
        },
        {
            "name": "ghana",
            "flag": "\uD83C\uDDEC\uD83C\uDDED",
            "alpha2": "GH",
            "alpha3": "GHA",
            "code": "233",
            "region": "africa"
        },
        {
            "name": "gibraltar",
            "flag": "\uD83C\uDDEC\uD83C\uDDEE",
            "alpha2": "GI",
            "alpha3": "GIB",
            "code": "350",
            "region": "europe"
        },
        {
            "name": "greece",
            "flag": "\uD83C\uDDEC\uD83C\uDDF7",
            "alpha2": "GR",
            "alpha3": "GRC",
            "code": "30",
            "region": "europe"
        },
        {
            "name": "greenland",
            "flag": "\uD83C\uDDEC\uD83C\uDDF1",
            "alpha2": "GL",
            "alpha3": "GRL",
            "code": "299",
            "region": "europe"
        },
        {
            "name": "grenada",
            "flag": "\uD83C\uDDEC\uD83C\uDDE9",
            "alpha2": "GD",
            "alpha3": "GRD",
            "code": "1-47,3",
            "region": "north-america"
        },
        {
            "name": "guadeloupe",
            "flag": "\uD83C\uDDEC\uD83C\uDDF5",
            "alpha2": "GP",
            "alpha3": "GLP",
            "code": "590",
            "region": "north-america"
        },
        {
            "name": "guam",
            "flag": "\uD83C\uDDEC\uD83C\uDDFA",
            "alpha2": "GU",
            "alpha3": "GUM",
            "code": "1-671",
            "region": "asia"
        },
        {
            "name": "guatemala",
            "flag": "\uD83C\uDDEC\uD83C\uDDF9",
            "alpha2": "GT",
            "alpha3": "GTM",
            "code": "502",
            "region": "north-america"
        },
        {
            "name": "guernsey",
            "flag": "\uD83C\uDDEC\uD83C\uDDEC",
            "alpha2": "GG",
            "alpha3": "GGY",
            "code": "44-1481",
            "region": "europe"
        },
        {
            "name": "guinea",
            "flag": "\uD83C\uDDEC\uD83C\uDDF3",
            "alpha2": "GN",
            "alpha3": "GIN",
            "code": "224",
            "region": "africa"
        },
        {
            "name": "guinea-bissau",
            "flag": "\uD83C\uDDEC\uD83C\uDDFC",
            "alpha2": "GW",
            "alpha3": "GNB",
            "code": "245",
            "region": "africa"
        },
        {
            "name": "guyana",
            "flag": "\uD83C\uDDEC\uD83C\uDDFE",
            "alpha2": "GY",
            "alpha3": "GUY",
            "code": "592",
            "region": "south-america"
        },
        {
            "name": "haiti",
            "flag": "\uD83C\uDDED\uD83C\uDDF9",
            "alpha2": "HT",
            "alpha3": "HTI",
            "code": "509",
            "region": "north-america"
        },
        {
            "name": "heard-island-and-mcdonald-islands",
            "flag": "\uD83C\uDDED\uD83C\uDDF2",
            "alpha2": "HM",
            "alpha3": "HMD",
            "code": "672",
            "region": "oceania"
        },
        {
            "name": "holy-see-vatican-city-state",
            "flag": "\uD83C\uDDFB\uD83C\uDDE6",
            "alpha2": "VA",
            "alpha3": "VAT",
            "code": "379",
            "region": "europe"
        },
        {
            "name": "honduras",
            "flag": "\uD83C\uDDED\uD83C\uDDF3",
            "alpha2": "HN",
            "alpha3": "HND",
            "code": "504",
            "region": "north-america"
        },
        {
            "name": "hong-kong",
            "flag": "\uD83C\uDDED\uD83C\uDDF0",
            "alpha2": "HK",
            "alpha3": "HKG",
            "code": "852",
            "region": "asia"
        },
        {
            "name": "hungary",
            "flag": "\uD83C\uDDED\uD83C\uDDFA",
            "alpha2": "HU",
            "alpha3": "HUN",
            "code": "36",
            "region": "europe"
        },
        {
            "name": "iceland",
            "flag": "\uD83C\uDDEE\uD83C\uDDF8",
            "alpha2": "IS",
            "alpha3": "ISL",
            "code": "354",
            "region": "europe"
        },
        {
            "name": "india",
            "flag": "\uD83C\uDDEE\uD83C\uDDF3",
            "alpha2": "IN",
            "alpha3": "IND",
            "code": "91",
            "region": "asia"
        },
        {
            "name": "indonesia",
            "flag": "\uD83C\uDDEE\uD83C\uDDE9",
            "alpha2": "ID",
            "alpha3": "IDN",
            "code": "62",
            "region": "asia"
        },
        {
            "name": "islamic-republic-of-iran",
            "flag": "\uD83C\uDDEE\uD83C\uDDF7",
            "alpha2": "IR",
            "alpha3": "IRN",
            "code": "98",
            "region": "asia"
        },
        {
            "name": "iraq",
            "flag": "\uD83C\uDDEE\uD83C\uDDF6",
            "alpha2": "IQ",
            "alpha3": "IRQ",
            "code": "964",
            "region": "asia"
        },
        {
            "name": "ireland",
            "flag": "\uD83C\uDDEE\uD83C\uDDEA",
            "alpha2": "IE",
            "alpha3": "IRL",
            "code": "353",
            "region": "europe"
        },
        {
            "name": "isle-of-man",
            "flag": "\uD83C\uDDEE\uD83C\uDDF2",
            "alpha2": "IM",
            "alpha3": "IMN",
            "code": "44-1624",
            "region": "europe"
        },
        {
            "name": "israel",
            "flag": "\uD83C\uDDEE\uD83C\uDDF1",
            "alpha2": "IL",
            "alpha3": "ISR",
            "code": "972",
            "region": "asia"
        },
        {
            "name": "italy",
            "flag": "\uD83C\uDDEE\uD83C\uDDF9",
            "alpha2": "IT",
            "alpha3": "ITA",
            "code": "39",
            "region": "europe"
        },
        {
            "name": "ivory-coast",
            "flag": "\uD83C\uDDE8\uD83C\uDDEE",
            "alpha2": "CI",
            "alpha3": "CIV",
            "code": "225",
            "region": "africa"
        },
        {
            "name": "jamaica",
            "flag": "\uD83C\uDDEF\uD83C\uDDF2",
            "alpha2": "JM",
            "alpha3": "JAM",
            "code": "1-876",
            "region": "north-america"
        },
        {
            "name": "japan",
            "flag": "\uD83C\uDDEF\uD83C\uDDF5",
            "alpha2": "JP",
            "alpha3": "JAP",
            "code": "81",
            "region": "asia"
        },
        {
            "name": "jersey",
            "flag": "\uD83C\uDDEF\uD83C\uDDEA",
            "alpha2": "JE",
            "alpha3": "JEY",
            "code": "44-1,534",
            "region": "europe"
        },
        {
            "name": "jordan",
            "flag": "\uD83C\uDDEF\uD83C\uDDF4",
            "alpha2": "JO",
            "alpha3": "JOR",
            "code": "962",
            "region": "asia"
        },
        {
            "name": "kazakhstan",
            "flag": "\uD83C\uDDF0\uD83C\uDDFF",
            "alpha2": "KZ",
            "alpha3": "KAZ",
            "code": "7",
            "region": "asia"
        },
        {
            "name": "kenya",
            "flag": "\uD83C\uDDF0\uD83C\uDDEA",
            "alpha2": "KE",
            "alpha3": "KEN",
            "code": "254",
            "region": "africa"
        },
        {
            "name": "kiribati",
            "flag": "\uD83C\uDDF0\uD83C\uDDEE",
            "alpha2": "KI",
            "alpha3": "KIR",
            "code": "686",
            "region": "oceania"
        },
        {
            "name": "kosovo",
            "flag": "\uD83C\uDDFD\uD83C\uDDF0",
            "alpha2": "XK",
            "alpha3": "XKX",
            "code": "383",
            "region": "europe"
        },
        {
            "name": "democratic-people's-republic-of-korea",
            "flag": "\uD83C\uDDF0\uD83C\uDDF5",
            "alpha2": "KP",
            "alpha3": "RKP",
            "code": "850",
            "region": "asia"
        },
        {
            "name": "republic-of-south-korea",
            "flag": "\uD83C\uDDF0\uD83C\uDDF7",
            "alpha2": "KR",
            "alpha3": "KOR",
            "code": "82",
            "region": "asia"
        },
        {
            "name": "kuwait",
            "flag": "\uD83C\uDDF0\uD83C\uDDFC",
            "alpha2": "KW",
            "alpha3": "KWT",
            "code": "965",
            "region": "asia"
        },
        {
            "name": "kyrgyzstan",
            "flag": "\uD83C\uDDF0\uD83C\uDDEC",
            "alpha2": "KG",
            "alpha3": "KGZ",
            "code": "996",
            "region": "asia"
        },
        {
            "name": "lao-people's-democratic-republic",
            "flag": "\uD83C\uDDF1\uD83C\uDDE6",
            "alpha2": "LA",
            "alpha3": "LAO",
            "code": "856",
            "region": "asia"
        },
        {
            "name": "latvia",
            "flag": "\uD83C\uDDF1\uD83C\uDDFB",
            "alpha2": "LV",
            "alpha3": "LVA",
            "code": "371",
            "region": "europe"
        },
        {
            "name": "lebanon",
            "flag": "\uD83C\uDDF1\uD83C\uDDE7",
            "alpha2": "LB",
            "alpha3": "LBN",
            "code": "961",
            "region": "asia"
        },
        {
            "name": "lesotho",
            "flag": "\uD83C\uDDF1\uD83C\uDDF8",
            "alpha2": "LS",
            "alpha3": "LSO",
            "code": "266",
            "region": "africa"
        },
        {
            "name": "liberia",
            "flag": "\uD83C\uDDF1\uD83C\uDDF7",
            "alpha2": "LR",
            "alpha3": "LBR",
            "code": "231",
            "region": "africa"
        },
        {
            "name": "libyan-arabajamahiriya",
            "flag": "\uD83C\uDDF1\uD83C\uDDFE",
            "alpha2": "LY",
            "alpha3": "LBY",
            "code": "218",
            "region": "africa"
        },
        {
            "name": "liechtenstein",
            "flag": "\uD83C\uDDF1\uD83C\uDDEE",
            "alpha2": "LI",
            "alpha3": "LIE",
            "code": "423",
            "region": "europe"
        },
        {
            "name": "lithuania",
            "flag": "\uD83C\uDDF1\uD83C\uDDF9",
            "alpha2": "LT",
            "alpha3": "LTU",
            "code": "370",
            "region": "europe"
        },
        {
            "name": "luxembourg",
            "flag": "\uD83C\uDDF1\uD83C\uDDFA",
            "alpha2": "LU",
            "alpha3": "LUX",
            "code": "352",
            "region": "europe"
        },
        {
            "name": "macao",
            "flag": "\uD83C\uDDF2\uD83C\uDDF4",
            "alpha2": "MO",
            "alpha3": "MAC",
            "code": "853",
            "region": "asia"
        },
        {
            "name": "the-former-yugoslav-republic-of-macedonia",
            "flag": "\uD83C\uDDF2\uD83C\uDDF0",
            "alpha2": "MK",
            "alpha3": "MKD",
            "code": "389",
            "region": "europe"
        },
        {
            "name": "madagascar",
            "flag": "\uD83C\uDDF2\uD83C\uDDEC",
            "alpha2": "MG",
            "alpha3": "MDG",
            "code": "261",
            "region": "africa"
        },
        {
            "name": "malawi",
            "flag": "\uD83C\uDDF2\uD83C\uDDFC",
            "alpha2": "MW",
            "alpha3": "MWI",
            "code": "265",
            "region": "africa"
        },
        {
            "name": "malaysia",
            "flag": "\uD83C\uDDF2\uD83C\uDDFE",
            "alpha2": "MY",
            "alpha3": "MYS",
            "code": "60",
            "region": "asia"
        },
        {
            "name": "maldives",
            "flag": "\uD83C\uDDF2\uD83C\uDDFB",
            "alpha2": "MV",
            "alpha3": "MDV",
            "code": "960",
            "region": "africa"
        },
        {
            "name": "mali",
            "flag": "\uD83C\uDDF2\uD83C\uDDF1",
            "alpha2": "ML",
            "alpha3": "MLI",
            "code": "223",
            "region": "africa"
        },
        {
            "name": "malta",
            "flag": "\uD83C\uDDF2\uD83C\uDDF9",
            "alpha2": "MT",
            "alpha3": "MLT",
            "code": "356",
            "region": "europe"
        },
        {
            "name": "marshall-islands",
            "flag": "\uD83C\uDDF2\uD83C\uDDED",
            "alpha2": "MH",
            "alpha3": "MHL",
            "code": "692",
            "region": "oceania"
        },
        {
            "name": "martinique",
            "flag": "\uD83C\uDDF2\uD83C\uDDF6",
            "alpha2": "MQ",
            "alpha3": "MTQ",
            "code": "596",
            "region": "north-america"
        },
        {
            "name": "mauritania",
            "flag": "\uD83C\uDDF2\uD83C\uDDF7",
            "alpha2": "MR",
            "alpha3": "MRT",
            "code": "222",
            "region": "africa"
        },
        {
            "name": "mauritius",
            "flag": "\uD83C\uDDF2\uD83C\uDDFA",
            "alpha2": "MU",
            "alpha3": "MUS",
            "code": "230",
            "region": "africa"
        },
        {
            "name": "mayotte",
            "flag": "\uD83C\uDDFE\uD83C\uDDF9",
            "alpha2": "YT",
            "alpha3": "MYT",
            "code": "262",
            "region": "africa"
        },
        {
            "name": "mexico",
            "flag": "\uD83C\uDDF2\uD83C\uDDFD",
            "alpha2": "MX",
            "alpha3": "MEX",
            "code": "52",
            "region": "north-america"
        },
        {
            "name": "federated-states-of-micronesia",
            "flag": "\uD83C\uDDEB\uD83C\uDDF2",
            "alpha2": "FM",
            "alpha3": "FSM",
            "code": "691",
            "region": "oceania"
        },
        {
            "name": "republic-of-moldova",
            "flag": "\uD83C\uDDF2\uD83C\uDDE9",
            "alpha2": "MD",
            "alpha3": "MDA",
            "code": "373",
            "region": "europe"
        },
        {
            "name": "monaco",
            "flag": "\uD83C\uDDF2\uD83C\uDDE8",
            "alpha2": "MC",
            "alpha3": "MCO",
            "code": "377",
            "region": "europe"
        },
        {
            "name": "mongolia",
            "flag": "\uD83C\uDDF2\uD83C\uDDF3",
            "alpha2": "MN",
            "alpha3": "MNG",
            "code": "976",
            "region": "asia"
        },
        {
            "name": "montenegro",
            "flag": "\uD83C\uDDF2\uD83C\uDDEA",
            "alpha2": "ME",
            "alpha3": "MNE",
            "code": "382",
            "region": "europe"
        },
        {
            "name": "montserrat",
            "flag": "\uD83C\uDDF2\uD83C\uDDF8",
            "alpha2": "MS",
            "alpha3": "MSR",
            "code": "1-664",
            "region": "north-america"
        },
        {
            "name": "morocco",
            "flag": "\uD83C\uDDF2\uD83C\uDDE6",
            "alpha2": "MA",
            "alpha3": "MOR",
            "code": "212",
            "region": "africa"
        },
        {
            "name": "mozambique",
            "flag": "\uD83C\uDDF2\uD83C\uDDFF",
            "alpha2": "MZ",
            "alpha3": "MOZ",
            "code": "258",
            "region": "africa"
        },
        {
            "name": "myanmar",
            "flag": "\uD83C\uDDF2\uD83C\uDDF2",
            "alpha2": "MM",
            "alpha3": "MMR",
            "code": "95",
            "region": "asia"
        },
        {
            "name": "namibia",
            "flag": "\uD83C\uDDF3\uD83C\uDDE6",
            "alpha2": "NA",
            "alpha3": "NAM",
            "code": "264",
            "region": "africa"
        },
        {
            "name": "nauru",
            "flag": "\uD83C\uDDF3\uD83C\uDDF7",
            "alpha2": "NR",
            "alpha3": "NRU",
            "code": "674",
            "region": "oceania"
        },
        {
            "name": "nepal",
            "flag": "\uD83C\uDDF3\uD83C\uDDF5",
            "alpha2": "NP",
            "alpha3": "NPL",
            "code": "977",
            "region": "asia"
        },
        {
            "name": "netherlands",
            "flag": "\uD83C\uDDF3\uD83C\uDDF1",
            "alpha2": "NL",
            "alpha3": "NLD",
            "code": "31",
            "region": "europe"
        },
        {
            "name": "new-caledonia",
            "flag": "\uD83C\uDDF3\uD83C\uDDE8",
            "alpha2": "NC",
            "alpha3": "NCL",
            "code": "687",
            "region": "oceania"
        },
        {
            "name": "new-zealand",
            "flag": "\uD83C\uDDF3\uD83C\uDDFF",
            "alpha2": "NZ",
            "alpha3": "NZL",
            "code": "64",
            "region": "oceania"
        },
        {
            "name": "nicaragua",
            "flag": "\uD83C\uDDF3\uD83C\uDDEE",
            "alpha2": "NI",
            "alpha3": "NIC",
            "code": "505",
            "region": "south-america"
        },
        {
            "name": "niger",
            "flag": "\uD83C\uDDF3\uD83C\uDDEA",
            "alpha2": "NE",
            "alpha3": "NER",
            "code": "227",
            "region": "africa"
        },
        {
            "name": "nigeria",
            "flag": "\uD83C\uDDF3\uD83C\uDDEC",
            "alpha2": "NG",
            "alpha3": "NGA",
            "code": "234",
            "region": "africa"
        },
        {
            "name": "niue",
            "flag": "\uD83C\uDDF3\uD83C\uDDFA",
            "alpha2": "NU",
            "alpha3": "NIU",
            "code": "683",
            "region": "oceania"
        },
        {
            "name": "norfolk-island",
            "flag": "\uD83C\uDDF3\uD83C\uDDEB",
            "alpha2": "NF",
            "alpha3": "NFK",
            "code": "671",
            "region": "oceania"
        },
        {
            "name": "northern-mariana-islands",
            "flag": "\uD83C\uDDF2\uD83C\uDDF5",
            "alpha2": "MP",
            "alpha3": "MNP",
            "code": "1-670",
            "region": "oceania"
        },
        {
            "name": "norway",
            "flag": "\uD83C\uDDF3\uD83C\uDDF4",
            "alpha2": "NO",
            "alpha3": "NOR",
            "code": "47",
            "region": "europe"
        },
        {
            "name": "oman",
            "flag": "\uD83C\uDDF4\uD83C\uDDF2",
            "alpha2": "OM",
            "alpha3": "OMN",
            "code": "968",
            "region": "asia"
        },
        {
            "name": "pakistan",
            "flag": "\uD83C\uDDF5\uD83C\uDDF0",
            "alpha2": "PK",
            "alpha3": "PAK",
            "code": "92",
            "region": "asia"
        },
        {
            "name": "palau",
            "flag": "\uD83C\uDDF5\uD83C\uDDFC",
            "alpha2": "PW",
            "alpha3": "PLW",
            "code": "680",
            "region": "oceania"
        },
        {
            "name": "occupied-palestinian-territory",
            "flag": "\uD83C\uDDF5\uD83C\uDDF8",
            "alpha2": "PS",
            "alpha3": "PSE",
            "code": "970",
            "region": "asia"
        },
        {
            "name": "panama",
            "flag": "\uD83C\uDDF5\uD83C\uDDE6",
            "alpha2": "PA",
            "alpha3": "PAN",
            "code": "507",
            "region": "north-america"
        },
        {
            "name": "papua-new-guinea",
            "flag": "\uD83C\uDDF5\uD83C\uDDEC",
            "alpha2": "PG",
            "alpha3": "PNG",
            "code": "675",
            "region": "oceania"
        },
        {
            "name": "paraguay",
            "flag": "\uD83C\uDDF5\uD83C\uDDFE",
            "alpha2": "PY",
            "alpha3": "PRY",
            "code": "595",
            "region": "south-america"
        },
        {
            "name": "peru",
            "flag": "\uD83C\uDDF5\uD83C\uDDEA",
            "alpha2": "PE",
            "alpha3": "PER",
            "code": "51",
            "region": "south-america"
        },
        {
            "name": "philippines",
            "flag": "\uD83C\uDDF5\uD83C\uDDED",
            "alpha2": "PH",
            "alpha3": "PHL",
            "code": "63",
            "region": "asia"
        },
        {
            "name": "pitcairn-islands",
            "flag": "\uD83C\uDDF5\uD83C\uDDF3",
            "alpha2": "PN",
            "alpha3": "PCN",
            "code": "64",
            "region": "oceania"
        },
        {
            "name": "poland",
            "flag": "\uD83C\uDDF5\uD83C\uDDF1",
            "alpha2": "PL",
            "alpha3": "POL",
            "code": "48",
            "region": "europe"
        },
        {
            "name": "portugal",
            "flag": "\uD83C\uDDF5\uD83C\uDDF9",
            "alpha2": "PT",
            "alpha3": "PRT",
            "code": "351",
            "region": "europe"
        },
        {
            "name": "puerto-rico",
            "flag": "\uD83C\uDDF5\uD83C\uDDF7",
            "alpha2": "PR",
            "alpha3": "PRI",
            "code": ["1-7,87","1-939"],
            "region": "north-america"
        },
        {
            "name": "qatar",
            "flag": "\uD83C\uDDF6\uD83C\uDDE6",
            "alpha2": "QA",
            "alpha3": "QAT",
            "code": "974",
            "region": "asia"
        },
        {
            "name": "reunion",
            "flag": "\uD83C\uDDF7\uD83C\uDDEA",
            "alpha2": "RE",
            "alpha3": "REU",
            "code": "262",
            "region": "africa"
        },
        {
            "name": "romania",
            "flag": "\uD83C\uDDF7\uD83C\uDDF4",
            "alpha2": "RO",
            "alpha3": "ROU",
            "code": "40",
            "region": "europe"
        },
        {
            "name": "russian-federation",
            "flag": "\uD83C\uDDF7\uD83C\uDDFA",
            "alpha2": "RU",
            "alpha3": "RUS",
            "code": "7",
            "region": "asia"
        },
        {
            "name": "rwanda",
            "flag": "\uD83C\uDDF7\uD83C\uDDFC",
            "alpha2": "RW",
            "alpha3": "RWA",
            "code": "250",
            "region": "africa"
        },
        {
            "name": "samoa",
            "flag": "\uD83C\uDDFC\uD83C\uDDF8",
            "alpha2": "WS",
            "alpha3": "WSM",
            "code": "685",
            "region": "oceania"
        },
        {
            "name": "san-marino",
            "flag": "\uD83C\uDDF8\uD83C\uDDF2",
            "alpha2": "SM",
            "alpha3": "SMR",
            "code": "378",
            "region": "europe"
        },
        {
            "name": "sao-tome-and-principe",
            "flag": "\uD83C\uDDF8\uD83C\uDDF9",
            "alpha2": "ST",
            "alpha3": "STP",
            "code": "239",
            "region": "africa"
        },
        {
            "name": "saudi-arabia",
            "flag": "\uD83C\uDDF8\uD83C\uDDE6",
            "alpha2": "SA",
            "alpha3": "SAU",
            "code": "966",
            "region": "asia"
        },
        {
            "name": "scotland",
            "flag": "\uD83C\uDFF4\uDB40\uDC67\uDB40\uDC62\uDB40\uDC73\uDB40\uDC63\uDB40\uDC74\uDB40\uDC7F",
            "alpha2": "GB-SCT",
            "alpha3": "GBR",
            "code": "44",
            "region": "europe"
        },
        {
            "name": "senegal",
            "flag": "\uD83C\uDDF8\uD83C\uDDF3",
            "alpha2": "SN",
            "alpha3": "SEN",
            "code": "221",
            "region": "africa"
        },
        {
            "name": "serbia",
            "flag": "\uD83C\uDDF7\uD83C\uDDF8",
            "alpha2": "RS",
            "alpha3": "SRB",
            "code": "381",
            "region": "europe"
        },
        {
            "name": "seychelles",
            "flag": "\uD83C\uDDF8\uD83C\uDDE8",
            "alpha2": "SC",
            "alpha3": "SYC",
            "code": "248",
            "region": "africa"
        },
        {
            "name": "sierra-leone",
            "flag": "\uD83C\uDDF8\uD83C\uDDF1",
            "alpha2": "SL",
            "alpha3": "SLE",
            "code": "232",
            "region": "africa"
        },
        {
            "name": "singapore",
            "flag": "\uD83C\uDDF8\uD83C\uDDEC",
            "alpha2": "SG",
            "alpha3": "SGP",
            "code": "65",
            "region": "asia"
        },
        {
            "name": "sint-maarten",
            "flag": "\uD83C\uDDF8\uD83C\uDDFD",
            "alpha2": "SX",
            "alpha3": "SXM",
            "code": "1-721",
            "region": "north-america"
        },
        {
            "name": "slovakia",
            "flag": "\uD83C\uDDF8\uD83C\uDDF0",
            "alpha2": "SK",
            "alpha3": "SVK",
            "code": "421",
            "region": "europe"
        },
        {
            "name": "slovenia",
            "flag": "\uD83C\uDDF8\uD83C\uDDEE",
            "alpha2": "SI",
            "alpha3": "SVN",
            "code": "386",
            "region": "europe"
        },
        {
            "name": "solomon-islands",
            "flag": "\uD83C\uDDF8\uD83C\uDDE7",
            "alpha2": "SB",
            "alpha3": "SLB",
            "code": "677",
            "region": "oceania"
        },
        {
            "name": "somalia",
            "flag": "\uD83C\uDDF8\uD83C\uDDF4",
            "alpha2": "SO",
            "alpha3": "SOM",
            "code": "252",
            "region": "africa"
        },
        {
            "name": "south-africa",
            "flag": "\uD83C\uDDFF\uD83C\uDDE6",
            "alpha2": "ZA",
            "alpha3": "ZAF",
            "code": "27",
            "region": "africa"
        },
        {
            "name": "south-georgia-and-the-south-sandwich-islands",
            "flag": "\uD83C\uDDEC\uD83C\uDDF8",
            "alpha2": "GS",
            "alpha3": "SGS",
            "code": "500",
            "region": "south-america"
        },
        {
            "name": "south-sudan",
            "flag": "\uD83C\uDDF8\uD83C\uDDF8",
            "alpha2": "SS",
            "alpha3": "SSD",
            "code": "211",
            "region": "africa"
        },
        {
            "name": "spain",
            "flag": "\uD83C\uDDEA\uD83C\uDDF8",
            "alpha2": "ES",
            "alpha3": "ESP",
            "code": "34",
            "region": "europe"
        },
        {
            "name": "sri-lanka",
            "flag": "\uD83C\uDDF1\uD83C\uDDF0",
            "alpha2": "LK",
            "alpha3": "LKA",
            "code": "94",
            "region": "asia"
        },
        {
            "name": "st-barthelemy",
            "flag": "\uD83C\uDDE7\uD83C\uDDF1",
            "alpha2": "BL",
            "alpha3": "BLM",
            "code": "590",
            "region": "north-america"
        },
        {
            "name": "st-helena",
            "flag": "\uD83C\uDDF8\uD83C\uDDED",
            "alpha2": "SH",
            "alpha3": "SHN",
            "code": "290",
            "region": "africa"
        },
        {
            "name": "st-kitts-and-nevis",
            "flag": "\uD83C\uDDF0\uD83C\uDDF3",
            "alpha2": "KN",
            "alpha3": "KNA",
            "code": "1-86,9",
            "region": "north-america"
        },
        {
            "name": "st-lucia",
            "flag": "\uD83C\uDDF1\uD83C\uDDE8",
            "alpha2": "LC",
            "alpha3": "LCA",
            "code": "1-758",
            "region": "north-america"
        },
        {
            "name": "st-martin-french",
            "flag": "\uD83C\uDDF2\uD83C\uDDEB",
            "alpha2": "MF",
            "alpha3": "MAF",
            "code": "590",
            "region": "north-america"
        },
        {
            "name": "st-pierre-and-miquelon",
            "flag": "\uD83C\uDDF5\uD83C\uDDF2",
            "alpha2": "PM",
            "alpha3": "SPM",
            "code": "508",
            "region": "north-america"
        },
        {
            "name": "st-vincent-and-the-grenadines",
            "flag": "\uD83C\uDDFB\uD83C\uDDE8",
            "alpha2": "VC",
            "alpha3": "VCT",
            "code": "1-784",
            "region": "north-america"
        },
        {
            "name": "sudan",
            "flag": "\uD83C\uDDF8\uD83C\uDDE9",
            "alpha2": "SD",
            "alpha3": "SDN",
            "code": "249",
            "region": "africa"
        },
        {
            "name": "suriname",
            "flag": "\uD83C\uDDF8\uD83C\uDDF7",
            "alpha2": "SR",
            "alpha3": "SR",
            "code": "597",   
            "region": "south-america"               
        },
        {
            "name": "svalbard-and-jan-mayen",
            "flag": "\uD83C\uDDF8\uD83C\uDDEF",
            "alpha2": "SJ",
            "alpha3": "SJM",
            "code": "47",
            "region": "europe"
        },
        {
            "name": "swaziland",
            "flag": "\uD83C\uDDF8\uD83C\uDDFF",
            "alpha2": "SZ",
            "alpha3": "SWZ",
            "code": "268",
            "region": "africa"
        },
        {
            "name": "sweden",
            "flag": "\uD83C\uDDF8\uD83C\uDDEA",
            "alpha2": "SE",
            "alpha3": "SWE",
            "code": "46",
            "region": "europe"
        },
        {
            "name": "switzerland",
            "flag": "\uD83C\uDDE8\uD83C\uDDED",
            "alpha2": "CH",
            "alpha3": "CHE",
            "code": "41",
            "region": "europe"
        },
        {
            "name": "syrian-arab-republic",
            "flag": "\uD83C\uDDF8\uD83C\uDDFE",
            "alpha2": "SY",
            "alpha3": "SYR",
            "code": "963",
            "region": "asia"
        },
        {
            "name": "taiwan-province-of-china",
            "flag": "\uD83C\uDDF9\uD83C\uDDFC",
            "alpha2": "TW",
            "alpha3": "TWN",
            "code": "886",
            "region": "asia"
        },
        {
            "name": "tajikistan",
            "flag": "\uD83C\uDDF9\uD83C\uDDEF",
            "alpha2": "TJ",
            "alpha3": "TJK",
            "code": "992",
            "region": "asia"
        },
        {
            "name": "united-republic-of-tanzania",
            "flag": "\uD83C\uDDF9\uD83C\uDDFF",
            "alpha2": "TZ",
            "alpha3": "TZA",
            "code": "255",
            "region": "africa"
        },
        {
            "name": "thailand",
            "flag": "\uD83C\uDDF9\uD83C\uDDED",
            "alpha2": "TH",
            "alpha3": "THA",
            "code": "66",
            "region": "asia"
        },
        {
            "name": "timor-leste",
            "flag": "\uD83C\uDDF9\uD83C\uDDF1",
            "alpha2": "TL",
            "alpha3": "TLS",
            "code": "670",
            "region": "asia"
        },
        {
            "name": "togo",
            "flag": "\uD83C\uDDF9\uD83C\uDDEC",
            "alpha2": "TG",
            "alpha3": "TGO",
            "code": "228",
            "region": "africa"
        },
        {
            "name": "tokelau",
            "flag": "\uD83C\uDDF9\uD83C\uDDF0",
            "alpha2": "TK",
            "alpha3": "TKL",
            "code": "690",
            "region": "oceania"
        },
        {
            "name": "tonga",
            "flag": "\uD83C\uDDF9\uD83C\uDDF4",
            "alpha2": "TO",
            "alpha3": "TON",
            "code": "676",
            "region": "oceania"
        },
        {
            "name": "trinidad-and-tobago",
            "flag": "\uD83C\uDDF9\uD83C\uDDF9",
            "alpha2": "TT",
            "alpha3": "TTO",
            "code": "1-868",
            "region": "north-america"
        },
        {
            "name": "tunisia",
            "flag": "\uD83C\uDDF9\uD83C\uDDF3",
            "alpha2": "TN",
            "alpha3": "TUN",
            "code": "216",
            "region": "africa"
        },
        {
            "name": "turkey",
            "flag": "\uD83C\uDDF9\uD83C\uDDF7",
            "alpha2": "TR",
            "alpha3": "TUR",
            "code": "90",
            "region": "asia"
        },
        {
            "name": "turkmenistan",
            "flag": "\uD83C\uDDF9\uD83C\uDDF2",
            "alpha2": "TM",
            "alpha3": "TKM",
            "code": "993",
            "region": "asia"
        },
        {
            "name": "turks-and-caicos-islands",
            "flag": "\uD83C\uDDF9\uD83C\uDDE8",
            "alpha2": "TC",
            "alpha3": "TCA",
            "code": "1-649",
            "region": "north-america"
        },
        {
            "name": "tuvalu",
            "flag": "\uD83C\uDDF9\uD83C\uDDFB",
            "alpha2": "TV",
            "alpha3": "TUV",
            "code": "688",
            "region": "oceania"
        },
        {
            "name": "uganda",
            "flag": "\uD83C\uDDFA\uD83C\uDDEC",
            "alpha2": "UG",
            "alpha3": "UGA",
            "code": "256",
            "region": "africa"
        },
        {
            "name": "ukraine",
            "flag": "\uD83C\uDDFA\uD83C\uDDE6",
            "alpha2": "UA",
            "alpha3": "UKR",
            "code": "380",
            "region": "asia"
        },
        {
            "name": "united-arab-emirates",
            "flag": "\uD83C\uDDE6\uD83C\uDDEA",
            "alpha2": "AE",
            "alpha3": "ARE",
            "code": "971",
            "region": "asia"
        },
        {
            "name": "united-kingdom",
            "flag": "\uD83C\uDDEC\uD83C\uDDE7",
            "alpha2": "GB",
            "alpha3": "GBR",
            "code": "44",
            "region": "europe"
        },
        {
            "name": "united-states-of-america",
            "flag": "\uD83C\uDDFA\uD83C\uDDF8",
            "alpha2": "US",
            "alpha3": "USA",
            "code": "1",
            "region": "north-america"
        },
        {
            "name": "united-states-minor-outlying-islands",
            "flag": "\uD83C\uDDFA\uD83C\uDDF8",
            "alpha2": "UM",
            "alpha3": "UMI",
            "code": "246",
            "region": "north-america"
        },
        {
            "name": "uruguay",
            "flag": "\uD83C\uDDFA\uD83C\uDDFE",
            "alpha2": "UY",
            "alpha3": "URY",
            "code": "598",
            "region": "south-america"
        },
        {
            "name": "uzbekistan",
            "flag": "\uD83C\uDDFA\uD83C\uDDFF",
            "alpha2": "UZ",
            "alpha3": "UZB",
            "code": "998",
            "region": "asia"
        },
        {
            "name": "vanuatu",
            "flag": "\uD83C\uDDFB\uD83C\uDDFA",
            "alpha2": "VU",
            "alpha3": "VUT",
            "code": "678",
            "region": "oceania"
        },
        {
            "name": "venezuela",
            "flag": "\uD83C\uDDFB\uD83C\uDDEA",
            "alpha2": "VE",
            "alpha3": "VEN",
            "code": "58",
            "region": "south-america"
        },
        {
            "name": "vietnam",
            "flag": "\uD83C\uDDFB\uD83C\uDDF3",
            "alpha2": "VN",
            "alpha3": "VNM",
            "code": "84",
            "region": "asia"
        },
        {
            "name": "british-virgin-islands",
            "flag": "\uD83C\uDDFB\uD83C\uDDEC",
            "alpha2": "VG",
            "alpha3": "VGB",
            "code": "1-284",
            "region": "north-america"
        },
        {
            "name": "u.s.-virgin-islands",
            "flag": "\uD83C\uDDFB\uD83C\uDDEE",
            "alpha2": "VI",
            "alpha3": "VIR",
            "code": "1-340",
            "region": "north-america"
        },
        {
            "name": "wales",
            "flag": "\uD83C\uDFF4\uDB40\uDC67\uDB40\uDC62\uDB40\uDC77\uDB40\uDC6C\uDB40\uDC73\uDB40\uDC7F",
            "alpha2": "GB-WLS",
            "alpha3": "GBR",
            "code": "44",
            "region": "europe"
        },
        {
            "name": "wallis-and-futuna",
            "flag": "\uD83C\uDDFC\uD83C\uDDEB",
            "alpha2": "WF",
            "alpha3": "WLF",
            "code": "681",
            "region": "oceania"
        },
        {
            "name": "western-sahara",
            "flag": "\uD83C\uDDEA\uD83C\uDDED",
            "alpha2": "EH",
            "alpha3": "ESH",
            "code": "212",
            "region": "africa"
        },
        {
            "name": "yemen",
            "flag": "\uD83C\uDDFE\uD83C\uDDEA",
            "alpha2": "YE",
            "alpha3": "YEM",
            "code": "967",
            "region": "asia"
        },
        {
            "name": "zambia",
            "flag": "\uD83C\uDDFF\uD83C\uDDF2",
            "alpha2": "ZM",
            "alpha3": "ZMB",
            "code": "260",
            "region": "africa"
        },
        {
            "name": "zimbabwe",
            "flag": "\uD83C\uDDFF\uD83C\uDDFC",
            "alpha2": "ZW",
            "alpha3": "ZWE",
            "code": "263",
            "region": "africa"
        }
    ]
}
